WARNID,EVENT_TYPE,APP ID
2000001,9,3595
2000002,4,3596
2000003,6,3268
2000004,6,1907
2000005,6,1915
2000006,4,1921
2000007,4,2085
2000008,4,2357
2000009,4,2360
2000010,4,2360
2000011,4,2362
2000012,4,2485
2000013,4,2496
2000014,4,2507
2000015,4,2524
2000016,6,2713
2000017,6,2714
2000018,8,2848
2000019,8,2856
2000020,6,2880
2000021,6,2898
2000022,8,2902
2000023,8,2951
2000024,8,2990
2000025,8,2993
2000026,8,3258
2000027,8,3512
2000028,8,3572
2000029,8,3573
2000030,8,3724
2000031,8,3765
2000032,8,3790
2000033,6,3823
2000034,6,4143
2000035,6,3936
2000036,6,1521
2000037,6,1632
2000038,6,833
2000039,6,840
2000040,6,844
2000041,6,1634
2000042,6,2155
2000043,6,3730
2000044,6,1610
2000045,6,1588
2000046,6,1726
2000047,6,3421
2000048,6,3591
2000049,6,967
2000050,6,3690
2000051,6,815
2000052,6,2084
2000053,6,3789
2000054,6,1657
2000055,6,1673
2000056,6,1655
2000057,6,1632
2000058,6,1687
2000059,6,2640
2000060,6,3502
2000061,6,3292
2000062,6,3307
2000063,6,2900
2000064,6,2901
2000065,6,2363
2000066,6,2533
2000067,6,1911
2000068,6,1914
2000069,6,1920
2000070,6,2050
2000071,6,2732
2000072,6,3438
2000073,6,3551
2000074,6,2978
2000075,6,1912
2000076,6,1912
2000077,6,3423
2000078,6,3632
2000079,6,1923
2000080,6,1909
2000081,6,1915
2000082,6,2909
2000083,6,2976
2000084,6,2977
2000085,6,2977
2000086,6,4070
2000087,8,1910
2000088,6,1907
2000089,4,2151
2000090,8,2913
2000091,0,1913
2000092,6,2004
2000093,6,2362
2000094,6,1772
2000095,6,3394
2000096,6,1512
2000097,6,4043
2000098,6,3347
2000099,9,1255
2000100,6,3751
2000101,6,703
2000102,6,1513
2000103,0,1501
2000104,6,2676
2000105,4,937
2000106,9,1643
2000107,8,1644
2000108,4,1771
2000109,8,3080
2000110,8,3756
2000111,4,2967
2000112,4,2532
2000113,6,2724
2000114,4,1765
2000115,4,4142
2000116,4,1356
2000117,4,1770
2000118,4,1216
2000119,4,1382
2000120,4,2892
2000121,4,2893
2000122,4,2895
2000123,6,2896
2000124,1,2896
2000125,8,2897
2000126,1,2899
2000127,1,898
2000128,8,899
2000129,6,1478
2000130,4,1538
2000131,4,3812
2000132,4,1514
2000133,9,1718
2000134,9,842
2000135,8,850
2000136,6,1205
2000137,6,1205
2000138,4,1220
2000139,4,1336
2000140,4,1812
2000141,4,1813
2000142,1,1210
2000143,1,1354
2000144,1,1225
2000145,9,1630
2000146,1,1834
2000147,6,2697
2000148,8,2730
2000149,8,3191
2000150,1,1346
2000151,1,2697
2000152,4,2705
2000153,4,2706
2000154,4,3625
2000155,4,1324
2000156,1,1357
2000157,8,3974
2000158,8,1916
2000159,8,1917
2000160,8,1918
2000161,8,1928
2000162,8,2356
2000163,8,2534
2000164,9,1925
2000165,9,1925
2000166,9,1927
2000167,8,2192
2000168,8,3122
2000169,8,3155
2000170,12,3290
2000171,3,3506
2000172,9,3605
2000173,9,3620
2000174,9,1926
2000175,9,1909
2000176,9,1263
2000177,8,4028
2000178,8,3746
2000179,8,3640
2000180,8,3137
2000181,8,920
2000182,8,775
2000183,8,1445
2000184,8,699
2000185,8,836
2000186,8,1398
2000187,8,1387
2000188,8,2901
2000189,8,1964
2000190,8,1935
2000191,8,2192
2000192,8,1692
2000193,8,1234
2000194,8,1339
2000195,8,1470
2000196,8,1677
2000197,8,2676
2000198,8,1616
2000199,8,1213
2000200,8,4109
2000201,9,1245
2000202,9,2817
2000203,9,899
2000204,9,3137
2000205,9,2816
2000206,9,3603
2000207,8,3756
2000208,8,3770
2000209,8,3606
2000210,8,1922
2000211,8,2355
2000212,8,2886
2000213,8,3710
2000214,8,640
2000215,8,2474
2000216,8,2079
2000217,8,2618
2000218,8,1896
2000219,8,1402
2000220,8,807
2000221,8,934
2000222,4,966
2000223,4,803
2000224,4,954
2000225,9,674
2000226,9,1582
2000227,1,2152
2000228,8,2870
2000229,8,1537
2000230,8,1322
2000231,8,1515
2000232,8,3226
2000233,8,3278
2000234,9,3474
2000235,9,3939
2000236,6,888
2000237,4,1608
2000238,4,1725
2000239,4,3147
2000240,9,1800
2000241,9,3027
2000242,6,3030
2000243,9,2648
2000244,9,2649
2000245,6,3736
2000246,6,2687
2000247,0,2687
2000248,0,3828
2000249,9,3688
2000250,9,3524
2000251,9,1847
2000252,8,1660
2000253,6,3758
2000254,9,1252
2000255,8,1253
2000256,8,2069
2000257,4,3580
2000258,4,1705
2000259,4,1705
2000260,9,1528
2000261,9,1615
2000262,8,1502
2000263,8,3250
2000264,9,3803
2000265,9,3276
2000266,9,2640
2000267,8,3210
2000268,8,3955
2000269,1,1686
2000270,1,3098
2000271,1,2950
2000272,1,2968
2000273,1,897
2000274,1,1846
2000275,1,3262
2000276,1,3638
2000277,5,2709
2000278,8,3711
2000279,6,1548
2000280,6,2480
2000281,8,3712
2000282,0,3533
2000283,0,1203
2000284,1,1844
2000285,1,1813
2000286,4,2881
2000287,1,1496
2000288,1,3670
2000289,1,2598
2000290,1,3778
2000291,6,4069
2000292,1,1717
2000293,8,3242
2000294,1,1539
2000295,1,1540
2000296,0,2693
2000297,6,3709
2000298,1,1569
2000299,6,1585
2000300,6,1666
2000301,9,946
2000302,1,1893
2000303,1,3112
2000304,8,3535
2000305,8,3757
2000306,8,3968
2000307,8,3091
2000308,8,4098
2000309,8,1213
2000310,8,3764
2000311,8,1897
2000312,8,1750
2000313,4,3633
2000314,6,1792
2000315,9,1992
2000316,1,1683
2000317,8,1666
2000318,8,2075
2000319,8,1279
2000320,9,3642
2000321,9,2077
2000322,8,3507
2000323,8,4085
2000324,8,4085
2000325,4,2059
2000326,4,3582
2000327,9,2079
2000328,8,3623
2000329,9,1844
2000330,9,1781
2000331,8,2818
2000332,9,2822
2000333,4,2881
2000334,9,3409
2000335,9,3695
2000336,1,3745
2000337,8,4034
2000338,8,1564
2000339,8,3692
2000340,9,3682
2000341,9,3561
2000342,9,1496
2000343,6,3283
2000344,8,3393
2000345,9,3042
2000346,9,1677
2000347,9,3620
2000348,9,3336
2000349,8,2967
2000350,8,3417
2000351,8,3339
2000352,9,2156
2000353,9,1759
2000354,9,2680
2000355,6,3685
2000356,6,3695
2000357,6,3561
2000358,4,3165
2000359,9,3705
2000360,9,3148
2000361,9,1931
2000362,9,3348
2000363,9,2816
2000364,9,2619
2000365,6,1663
2000366,9,3564
2000367,9,844
2000368,9,3246
2000369,4,1259
2000370,9,4155
2000371,9,3449
2000372,9,3829
2000373,9,1540
2000374,1,1223
2000375,1,1391
2000376,1,1590
2000377,6,1969
2000378,9,2625
2000379,1,1349
2000380,1,1351
2000381,4,2619
2000382,4,3263
2000383,4,2541
2000384,9,3017
2000385,0,3405
2000386,8,3164
2000387,9,3666
2000388,0,1681
2000389,0,1771
2000390,4,2069
2000391,9,4120
2000392,0,932
2000393,0,1452
2000394,4,2625
2000395,9,3207
2000396,4,3591
2000397,4,3795
2000398,4,1608
2000399,9,2194
2000400,9,2985
2000401,9,3704
2000402,8,3726
2000403,4,3831
2000404,4,3273
2000405,4,3834
2000406,4,2161
2000407,4,3190
2000408,4,3296
2000409,4,3297
2000410,9,3784
2000411,9,1450
2000412,1,1468
2000413,1,1675
2000414,9,1730
2000415,0,1791
2000416,9,941
2000417,6,1451
2000418,6,1694
2000419,9,1702
2000420,8,3579
2000421,8,1758
2000422,4,3934
2000423,9,1471
2000424,0,1472
2000425,0,1559
2000426,0,1561
2000427,0,1562
2000428,0,1613
2000429,0,1770
2000430,9,2075
2000431,9,2352
2000432,6,3683
2000433,6,3768
2000434,4,3769
2000435,9,3832
2000436,9,1697
2000437,9,1775
2000438,9,2660
2000439,12,2810
2000440,1,3475
2000441,1,958
2000442,1,2354
2000443,1,3775
2000444,4,3892
2000445,1,3849
2000446,8,3575
2000447,12,1579
2000448,9,2150
2000449,4,3632
2000450,4,3864
2000451,9,3727
2000452,9,1727
2000453,9,1672
2000454,6,2620
2000455,12,2621
2000456,4,3811
2000457,9,3944
2000458,9,3774
2000459,9,1576
2000460,9,1402
2000461,9,2820
2000462,6,2996
2000463,6,4094
2000464,6,2184
2000465,6,1222
2000466,6,1761
2000467,6,1660
2000468,9,1673
2000469,9,1736
2000470,9,1930
2000471,6,1974
2000472,9,2652
2000473,9,3471
2000474,9,3261
2000475,4,1808
2000476,6,3027
2000477,9,1901
2000478,9,1977
2000479,9,2003
2000480,9,2003
2000481,4,2012
2000482,4,2016
2000483,4,2706
2000484,4,1901
2000485,4,3030
2000486,4,3172
2000487,9,2085
2000488,6,3404
2000489,9,1738
2000490,9,2629
2000491,9,3753
2000492,9,3190
2000493,9,3187
2000494,9,828
2000495,8,3768
2000496,9,779
2000497,4,1298
2000498,4,3481
2000499,4,3448
2000500,4,1622
2000501,1,1625
2000502,9,1742
2000503,9,1904
2000504,9,2062
2000505,9,631
2000506,9,642
2000507,9,825
2000508,9,1236
2000509,9,2025
2000510,9,1798
2000511,9,1239
2000512,9,1567
2000513,9,3594
2000514,9,3595
2000515,9,707
2000516,9,1207
2000517,9,3200
2000518,9,745
2000519,9,746
2000520,9,881
2000521,9,1240
2000522,9,1904
2000523,9,1209
2000524,9,3592
2000525,9,1661
2000526,9,2818
2000527,9,1246
2000528,9,666
2000529,9,714
2000530,9,831
2000531,9,832
2000532,9,942
2000533,4,635
2000534,8,830
2000535,6,943
2000536,9,660
2000537,9,655
2000538,4,645
2000539,4,2040
2000540,4,2066
2000541,1,1975
2000542,9,649
2000543,8,1401
2000544,0,1524
2000545,4,3171
2000546,9,3123
2000547,1,644
2000548,6,949
2000549,9,3133
2000550,6,3428
2000551,6,1203
2000552,6,2081
2000553,6,1247
2000554,4,636
2000555,4,904
2000556,9,744
2000557,4,1208
2000558,4,2005
2000559,9,746
2000560,1,924
2000561,4,1341
2000562,4,1354
2000563,12,1390
2000564,6,674
2000565,6,2004
2000566,9,2067
2000567,9,1965
2000568,9,1731
2000569,6,3800
2000570,4,3059
2000571,6,3429
2000572,6,3801
2000573,6,662
2000574,6,2043
2000575,6,3153
2000576,6,3797
2000577,6,3188
2000578,1,805
2000579,9,834
2000580,9,1266
2000581,8,1333
2000582,6,1338
2000583,6,1732
2000584,1,2588
2000585,1,2196
2000586,4,3256
2000587,4,3289
2000588,4,3622
2000589,4,2159
2000590,4,2083
2000591,9,3159
2000592,6,1611
2000593,4,3755
2000594,4,2195
2000595,4,3255
2000596,4,3182
2000597,4,3180
2000598,4,2992
2000599,4,1404
2000600,4,2065
2000601,4,764
2000602,4,3452
2000603,4,2067
2000604,4,680
2000605,4,3193
2000606,8,957
2000607,8,1233
2000608,8,3535
2000609,8,4068
2000610,1,3160
2000611,1,3161
2000612,4,3255
2000613,4,1242
2000614,4,1289
2000615,1,1359
2000616,1,1388
2000617,8,1659
2000618,9,1799
2000619,4,2349
2000620,9,2624
2000621,9,3206
2000622,6,3303
2000623,4,3096
2000624,4,950
2000625,8,1395
2000626,9,1715
2000627,9,989
2000628,6,786
2000629,4,1816
2000630,4,3104
2000631,9,2933
2000632,8,2657
2000633,9,776
2000634,9,956
2000635,9,3637
2000636,6,1587
2000637,8,1412
2000638,8,2587
2000639,4,1715
2000640,1,874
2000641,1,1714
2000642,1,1789
2000643,4,3439
2000644,9,3539
2000645,6,2996
2000646,1,3831
2000647,1,3117
2000648,0,1328
2000649,4,1797
2000650,4,1897
2000651,0,3185
2000652,1,1505
2000653,1,3172
2000654,4,2933
2000655,9,2592
2000656,9,3604
2000657,9,3243
2000658,6,713
2000659,6,1239
2000660,6,675
2000661,4,1384
2000662,4,1250
2000663,1,725
2000664,9,785
2000665,1,829
2000666,1,631
2000667,8,652
2000668,4,654
2000669,6,1399
2000670,8,804
2000671,8,967
2000672,6,1339
2000673,4,1341
2000674,4,1343
2000675,9,1340
2000676,4,1342
2000677,6,1223
2000678,6,1249
2000679,4,668
2000680,4,820
2000681,4,805
2000682,4,808
2000683,8,912
2000684,4,1436
2000685,9,822
2000686,9,718
2000687,4,734
2000688,8,1671
2000689,8,912
2000690,4,713
2000691,4,733
2000692,9,1353
2000693,9,721
2000694,8,672
2000695,8,723
2000696,8,1212
2000697,8,1325
2000698,8,1226
2000699,8,1246
2000700,4,1498
2000701,0,3517
2000702,8,3422
2000703,8,788
2000704,8,3516
2000705,8,1723
2000706,0,1817
2000707,8,1232
2000708,8,935
2000709,8,761
2000710,8,915
2000711,8,3265
2000712,0,741
2000713,8,3320
2000714,8,1520
2000715,9,859
2000716,9,890
2000717,8,683
2000718,8,1825
2000719,8,1606
2000720,8,1605
2000721,4,3508
2000722,8,3507
2000723,8,1752
2000724,6,1970
2000725,8,3401
2000726,8,783
2000727,8,938
2000728,8,1529
2000729,8,1530
2000730,8,2039
2000731,8,2695
2000732,8,3182
2000733,8,3534
2000734,8,3708
2000735,8,1434
2000736,8,3402
2000737,8,3929
2000738,0,3271
2000739,0,1682
2000740,0,3504
2000741,8,3742
2000742,8,891
2000743,8,1895
2000744,0,1978
2000745,6,2006
2000746,6,1917
2000747,9,1928
2000748,9,2358
2000749,0,2682
2000750,4,3168
2000751,4,3323
2000752,4,2886
2000753,4,3560
2000754,4,2359
2000755,4,3211
2000756,9,3235
2000757,1,3335
2000758,6,3400
2000759,4,2695
2000760,4,3087
2000761,1,1724
2000762,1,1530
2000763,8,2038
2000764,4,1531
2000765,4,781
2000766,8,1626
2000767,8,3805
2000768,6,3962
2000769,6,3751
2000770,6,3681
2000771,1,3987
2000772,8,962
2000773,1,2033
2000774,4,3148
2000775,4,3719
2000776,4,3280
2000777,1,3281
2000778,8,3284
2000779,1,3285
2000780,8,1935
2000781,8,3403
2000782,8,2507
2000783,8,2363
2000784,4,2364
2000785,4,3282
2000786,4,2365
2000787,0,2366
2000788,6,2368
2000789,4,2635
2000790,4,2635
2000791,4,2636
2000792,4,2637
2000793,4,2637
2000794,4,2847
2000795,4,2632
2000796,4,2633
2000797,4,2634
2000798,4,2634
2000799,4,2367
2000800,4,3992
2000801,4,903
2000802,4,3430
2000803,8,1751
2000804,1,3232
2000805,9,3239
2000806,0,3240
2000807,0,3607
2000808,8,2934
2000809,9,1948
2000810,1,1937
2000811,1,2361
2000812,8,1883
2000813,4,1883
2000814,4,1884
2000815,4,1885
2000816,9,1885
2000817,9,1886
2000818,9,1886
2000819,8,1888
2000820,8,1888
2000821,6,1889
2000822,9,1890
2000823,9,1891
2000824,4,1855
2000825,4,1858
2000826,4,2027
2000827,4,3152
2000828,4,1799
2000829,4,1800
2000830,4,1852
2000831,4,1865
2000832,4,2821
2000833,4,3253
2000834,4,2631
2000835,4,1804
2000836,4,3082
2000837,12,3916
2000838,12,3279
2000839,12,2070
2000840,12,1543
2000841,9,1543
2000842,8,1781
2000843,8,1809
2000844,9,2530
2000845,9,3090
2000846,9,1776
2000847,8,1293
2000848,4,3048
2000849,1,2621
2000850,8,1565
2000851,8,3551
2000852,1,1571
